,titolo,recensione_voto_numerico,recensione_voto_parola,numero_recensioni,date,permanenza,prezzo,distanza_centro,indirizzo,stelle,valutazione_booking,descrizione_camera,configurazione_camera,descrizione_unprocessed
0,Hotel De Paris,"7,2",Buono ,869 recensioni,1 agosto - 2 agosto,"1 notte, 2 adulti",€ 69,"0,9 km dal centro",Terni,3.0,,Camera Doppia con Letti Singoli,Configurazione camera non disponibile,Camera Doppia con Letti Singoli2 letti singoliColazione inclusaRestano solo 6 camere a questo prezzo sul nostro sito
1,Cospea B&B,"9,0",Eccellente ,674 recensioni,1 agosto - 2 agosto,"1 notte, 2 adulti",€ 55,"1,7 km dal centro",Terni,,3.0,Camera Doppia con Letti Singoli,Configurazione camera non disponibile,Camera Doppia con Letti Singoli2 letti singoliColazione inclusaCancellazione gratuitaSenza pagamento anticipato – Paga in strutturaResta solo 1 camera a questo prezzo sul nostro sito
2,Rosy Bed&Breakfast,"9,0",Eccellente ,330 recensioni,1 agosto - 2 agosto,"1 notte, 2 adulti",€ 77,1 km dal centro,Terni,,4.0,Camera Matrimoniale con Bagno Privato Esterno ,Configurazione camera non disponibile,Camera Matrimoniale con Bagno Privato Esterno 1 letto matrimoniale largeColazione inclusaCancellazione gratuitaSenza pagamento anticipato – Paga in strutturaResta solo 1 camera a questo prezzo sul nostro sito
3,B&B Angolo Verde,"8,6",Favoloso ,219 recensioni,1 agosto - 2 agosto,"1 notte, 2 adulti",€ 69,"2,6 km dal centro",Terni,,3.0,Camera Matrimoniale,Configurazione camera non disponibile,Camera Matrimoniale1 letto matrimoniale alla franceseCancellazione gratuitaSenza pagamento anticipato – Paga in strutturaResta solo 1 camera a questo prezzo sul nostro sito
4,Santa Filomena Guest House,"9,7",Eccezionale ,11 recensioni,1 agosto - 2 agosto,"1 notte, 2 adulti",€ 74,1 km dal centro,Terni,,3.0,Camera Tripla,Configurazione camera non disponibile,"Camera Tripla2 letti (1 singolo, 1 matrimoniale)Cancellazione gratuitaResta solo 1 camera a questo prezzo sul nostro sito"
5,Asso Residence,"8,2",Ottimo ,1.341 recensioni,1 agosto - 2 agosto,"1 notte, 2 adulti",€ 79,"2,1 km dal centro",Terni,,3.0,Camera Matrimoniale Standard,Configurazione camera non disponibile,Camera Matrimoniale StandardLetti: 1 matrimoniale o 2 singoliCancellazione gratuitaSenza pagamento anticipato – Paga in strutturaRestano solo 2 camere a questo prezzo sul nostro sito
6,Asso Residence Ospedale,"8,8",Favoloso ,1.297 recensioni,1 agosto - 2 agosto,"1 notte, 2 adulti",€ 89,"1,9 km dal centro",Terni,,3.0,Appartamento Monolocale,Intero appartamento • 1 camera da letto • 1 zona giorno • 1 bagno • 1 cucina • 30m²,Appartamento MonolocaleIntero appartamento • 1 camera da letto • 1 zona giorno • 1 bagno • 1 cucina • 30m²1 letto matrimoniale alla franceseCancellazione gratuitaSenza pagamento anticipato – Paga in strutturaNe resta solo 1 a questo prezzo sul nostro sito
7,B&B Villa Maria,"9,3",Eccellente ,253 recensioni,1 agosto - 2 agosto,"1 notte, 2 adulti",€ 74,"2,7 km dal centro",Terni,,4.0,Camera King con Balcone ,Configurazione camera non disponibile,"Camera King con Balcone 2 letti (1 singolo, 1 matrimoniale)Colazione inclusaRestano solo 3 camere a questo prezzo sul nostro sito"
8,Asso Residence GOLD,"8,4",Ottimo ,17 recensioni,1 agosto - 2 agosto,"1 notte, 2 adulti",€ 94,"1,9 km dal centro",Terni,,3.0,Camera King Superior ,Configurazione camera non disponibile,Camera King Superior 1 letto matrimoniale largeCancellazione gratuitaRestano solo 2 camere a questo prezzo sul nostro sito
9,Asso Residence Centro,"7,9",Buono ,980 recensioni,1 agosto - 2 agosto,"1 notte, 2 adulti",€ 81,40 m dal centro,Terni,,3.0,Camera Matrimoniale/Doppia con Letti Singoli,Configurazione camera non disponibile,Camera Matrimoniale/Doppia con Letti SingoliVari tipi di lettoRestano solo 4 camere a questo prezzo sul nostro sito
10,Residence Viviverde,"8,8",Favoloso ,620 recensioni,1 agosto - 2 agosto,"1 notte, 2 adulti",€ 76,"3,6 km dal centro",Terni,,4.0,Appartamento Standard,Intero appartamento • 1 camera da letto • 1 bagno • 1 cucina • 35m²,Appartamento StandardIntero appartamento • 1 camera da letto • 1 bagno • 1 cucina • 35m²1 letto matrimonialeNe resta solo 1 a questo prezzo sul nostro sito
11,Civico 100,"8,4",Ottimo ,49 recensioni,1 agosto - 2 agosto,"1 notte, 2 adulti",€ 72,"0,8 km dal centro",Terni,,3.0,Camera Matrimoniale,Configurazione camera non disponibile,Camera Matrimoniale1 letto matrimonialeResta solo 1 camera a questo prezzo sul nostro sito
12,Classic Hotel Tulipano,"7,5",Buono ,406 recensioni,1 agosto - 2 agosto,"1 notte, 2 adulti",€ 128,"1,7 km dal centro",Terni,3.0,,Camera Matrimoniale Standard,Configurazione camera non disponibile,Camera Matrimoniale Standard1 letto matrimonialeColazione inclusaCancellazione gratuita
13,angolo verde,"8,0",Ottimo ,7 recensioni,1 agosto - 2 agosto,"1 notte, 2 adulti",€ 63,"2,6 km dal centro",Terni,,,Camera Matrimoniale,Configurazione camera non disponibile,Camera Matrimoniale1 letto matrimoniale alla franceseColazione inclusaResta solo 1 camera a questo prezzo sul nostro sito
14,Via Roma,"9,2",Eccellente ,76 recensioni,1 agosto - 2 agosto,"1 notte, 2 adulti",€ 84,"0,7 km dal centro",Terni,,3.0,Camera King con Balcone ,Configurazione camera non disponibile,"Camera King con Balcone 2 letti (1 divano letto, 1 matrimoniale)Cancellazione gratuitaResta solo 1 camera a questo prezzo sul nostro sito"
15,A casa di Alma,"9,2",Eccellente ,101 recensioni,1 agosto - 2 agosto,"1 notte, 2 adulti",€ 81,"1,2 km dal centro",Terni,,3.0,Camera Matrimoniale con Bagno Privato,Configurazione camera non disponibile,Camera Matrimoniale con Bagno Privato1 letto matrimonialeColazione inclusaResta solo 1 camera a questo prezzo sul nostro sito
16,Welcome home,"9,6",Eccezionale ,56 recensioni,1 agosto - 2 agosto,"1 notte, 2 adulti",€ 87,"0,6 km dal centro",Terni,,4.0,Appartamento con 2 Camere da Letto,Intero appartamento • 2 camere da letto • 1 zona giorno • 1 bagno • 1 cucina • 105m²,"Appartamento con 2 Camere da LettoIntero appartamento • 2 camere da letto • 1 zona giorno • 1 bagno • 1 cucina • 105m²5 letti (3 singoli, 1 divano letto, 1 matrimoniale)"
17,Hotel Michelangelo Palace & SPA,"7,8",Buono ,669 recensioni,1 agosto - 2 agosto,"1 notte, 2 adulti",€ 174,1 km dal centro,Terni,4.0,,Camera Matrimoniale Deluxe,Configurazione camera non disponibile,Camera Matrimoniale Deluxe1 letto matrimonialeColazione inclusaCancellazione gratuitaSenza pagamento anticipato – Paga in struttura
18,Hotel Valentino,"8,5",Ottimo ,754 recensioni,1 agosto - 2 agosto,"1 notte, 2 adulti",€ 258,"0,9 km dal centro",Terni,4.0,,Suite con Balcone ,Suite privata,Suite con Balcone Suite privata1 letto matrimonialeColazione inclusaCancellazione gratuitaSenza pagamento anticipato – Paga in strutturaNe resta solo 1 a questo prezzo sul nostro sito
19,Le Camere di Ettore,"8,9",Favoloso ,103 recensioni,1 agosto - 2 agosto,"1 notte, 2 adulti",€ 79,"1,1 km dal centro",Terni,,3.0,Camera Matrimoniale con Bagno Privato,Configurazione camera non disponibile,Camera Matrimoniale con Bagno Privato1 letto matrimonialeCancellazione gratuitaRestano solo 2 camere a questo prezzo sul nostro sito
20,as maison,"9,5",Eccezionale ,109 recensioni,1 agosto - 2 agosto,"1 notte, 2 adulti",€ 89,"2,3 km dal centro",Terni,,3.0,Appartamento con 1 Camera da Letto,Intero appartamento • 1 camera da letto • 1 zona giorno • 1 bagno • 1 cucina • 48m²,"Appartamento con 1 Camera da LettoIntero appartamento • 1 camera da letto • 1 zona giorno • 1 bagno • 1 cucina • 48m²2 letti (1 divano letto, 1 matrimoniale)Cancellazione gratuita"
21,La casa di Alan,"7,8",Buono ,257 recensioni,1 agosto - 2 agosto,"1 notte, 2 adulti",€ 80,"1,6 km dal centro",Terni,,3.0,Camera Matrimoniale,Configurazione camera non disponibile,Camera Matrimoniale1 letto matrimonialeResta solo 1 camera a questo prezzo sul nostro sito
22,Appartamenti Il Cerqueto 2,"8,2",Ottimo ,153 recensioni,1 agosto - 2 agosto,"1 notte, 2 adulti",€ 74,"1,7 km dal centro",Terni,,3.0,Appartamento con 1 Camera da Letto,Intero appartamento • 1 camera da letto • 1 zona giorno • 1 bagno • 1 cucina • 40m²,"Appartamento con 1 Camera da LettoIntero appartamento • 1 camera da letto • 1 zona giorno • 1 bagno • 1 cucina • 40m²2 letti (1 divano letto, 1 matrimoniale)Cancellazione gratuitaSenza pagamento anticipato – Paga in strutturaNe resta solo 1 a questo prezzo sul nostro sito"
23,Pied-à-terre ADELMA,Novità su booking,Novità su booking,Novità su booking,1 agosto - 2 agosto,"1 notte, 2 adulti",€ 53,"1,1 km dal centro",Terni,,,Appartamento con 2 Camere da Letto,Configurazione camera non disponibile,"Appartamento con 2 Camere da Letto2 letti (1 matrimoniale, 1 futon)"
24,White,"8,6",Favoloso ,218 recensioni,1 agosto - 2 agosto,"1 notte, 2 adulti",€ 67,"0,6 km dal centro",Terni,,3.0,Camera Matrimoniale,Configurazione camera non disponibile,Camera Matrimoniale1 letto matrimonialeRestano solo 3 camere a questo prezzo sul nostro sito
25,Hotel Garden Terni,"7,8",Buono ,477 recensioni,1 agosto - 2 agosto,"1 notte, 2 adulti",€ 138,"1,2 km dal centro",Terni,4.0,,Camera Classic Matrimoniale/Doppia con Letti Singoli ,Configurazione camera non disponibile,Camera Classic Matrimoniale/Doppia con Letti Singoli Letti: 1 matrimoniale o 2 singoliColazione inclusaCancellazione gratuitaSenza pagamento anticipato – Paga in strutturaResta solo 1 camera a questo prezzo sul nostro sito
26,Aryhouse,"9,8",Eccezionale ,27 recensioni,1 agosto - 2 agosto,"1 notte, 2 adulti",€ 85,"1,1 km dal centro",Terni,,3.0,Appartamento con 1 Camera da Letto,Intero appartamento • 1 camera da letto • 1 zona giorno • 1 bagno • 1 cucina • 50m²,"Appartamento con 1 Camera da LettoIntero appartamento • 1 camera da letto • 1 zona giorno • 1 bagno • 1 cucina • 50m²2 letti (1 divano letto, 1 matrimoniale)"
27,Tre Colonne,"9,1",Eccellente ,21 recensioni,1 agosto - 2 agosto,"1 notte, 2 adulti",€ 76,"0,5 km dal centro",Terni,,3.0,Appartamento con 1 Camera da Letto,Intero appartamento • 1 camera da letto • 1 bagno • 63m²,Appartamento con 1 Camera da LettoIntero appartamento • 1 camera da letto • 1 bagno • 63m²1 letto matrimoniale
28,Asso Residence Stazione,"7,9",Buono ,61 recensioni,1 agosto - 2 agosto,"1 notte, 2 adulti",€ 94,"1,1 km dal centro",Terni,,3.0,Camera Matrimoniale Standard,Configurazione camera non disponibile,Camera Matrimoniale Standard1 letto matrimonialeCancellazione gratuitaSenza pagamento anticipato – Paga in struttura
29,G&Gapartment,"7,8",Buono ,89 recensioni,1 agosto - 2 agosto,"1 notte, 2 adulti",€ 129,"1,5 km dal centro",Terni,,3.0,Appartamento con 2 Camere da Letto,Intero appartamento • 2 camere da letto • 1 zona giorno • 1 bagno • 1 cucina • 70m²,"Appartamento con 2 Camere da LettoIntero appartamento • 2 camere da letto • 1 zona giorno • 1 bagno • 1 cucina • 70m²3 letti (2 matrimoniali alla francese, 1 divano letto)Cancellazione gratuita"
30,Il Giardino di Venere,"8,1",Ottimo ,86 recensioni,1 agosto - 2 agosto,"1 notte, 2 adulti",€ 74,"5,5 km dal centro",Terni,,3.0,Camera Tripla Standard,Configurazione camera non disponibile,"Camera Tripla Standard3 letti (2 singoli, 1 matrimoniale)Colazione inclusaCancellazione gratuitaRestano solo 2 camere a questo prezzo sul nostro sito"
31,Casa nel Verde,"7,8",Buono ,141 recensioni,1 agosto - 2 agosto,"1 notte, 2 adulti",€ 59,"2,8 km dal centro",Terni,,3.0,Casa con 1 Camera da Letto,Intera casa vacanze • 1 camera da letto • 1 bagno • 1 cucina • 36m²,Casa con 1 Camera da LettoIntera casa vacanze • 1 camera da letto • 1 bagno • 1 cucina • 36m²1 letto matrimoniale alla francese
32,La Casetta- Bilocale con giardino privato,"9,4",Eccellente ,56 recensioni,1 agosto - 2 agosto,"1 notte, 2 adulti",€ 109,"1,3 km dal centro",Terni,,4.0,Appartamento con 1 Camera da Letto,Intero appartamento • 1 camera da letto • 2 zone giorno • 1 bagno • 1 cucina • 35m²,Appartamento con 1 Camera da LettoIntero appartamento • 1 camera da letto • 2 zone giorno • 1 bagno • 1 cucina • 35m²1 letto matrimoniale
33,M&M’s Home,"9,2",Eccellente ,168 recensioni,1 agosto - 2 agosto,"1 notte, 2 adulti",€ 85,1 km dal centro,Terni,,3.0,Camera Matrimoniale,Configurazione camera non disponibile,Camera Matrimoniale1 letto matrimonialeColazione inclusaResta solo 1 camera a questo prezzo sul nostro sito
34,Appartamenti Natura e Terra Marmore,"8,9",Favoloso ,134 recensioni,1 agosto - 2 agosto,"1 notte, 2 adulti",€ 113,"5,5 km dal centro",Terni,,3.0,Appartamento con Vista Giardino,Intero appartamento • 1 camera da letto • 1 zona giorno • 1 bagno • 1 cucina • 45m²,"Appartamento con Vista GiardinoIntero appartamento • 1 camera da letto • 1 zona giorno • 1 bagno • 1 cucina • 45m²2 letti (1 divano letto, 1 matrimoniale)Ne restano solo 2 a questo prezzo sul nostro sito"
35,San Francesco Home,"8,8",Favoloso ,17 recensioni,1 agosto - 2 agosto,"1 notte, 2 adulti",€ 84,400 m dal centro,Terni,,3.0,Appartamento con 1 Camera da Letto,Intero appartamento • 1 camera da letto • 1 zona giorno • 1 bagno • 45m²,"Appartamento con 1 Camera da LettoIntero appartamento • 1 camera da letto • 1 zona giorno • 1 bagno • 45m²2 letti (1 divano letto, 1 matrimoniale)Ne resta solo 1 a questo prezzo sul nostro sito"
36,Tre Monumenti Luxury Suites,10,Eccezionale ,3 recensioni,1 agosto - 2 agosto,"1 notte, 2 adulti",€ 113,1 km dal centro,Terni,,3.0,Appartamento con Vista e Balcone,Intero appartamento • 1 camera da letto • 1 zona giorno • 1 bagno • 50m²,"Appartamento con Vista e BalconeIntero appartamento • 1 camera da letto • 1 zona giorno • 1 bagno • 50m²2 letti (1 divano letto, 1 matrimoniale)Ne restano solo 4 a questo prezzo sul nostro sito"
37,IL TEATRO ALLOGGI,"8,6",Favoloso ,112 recensioni,1 agosto - 2 agosto,"1 notte, 2 adulti",€ 93,"0,8 km dal centro",Terni,,3.0,Appartamento - Piano Terra,Intero appartamento • 1 camera da letto • 1 zona giorno • 1 bagno • 1 cucina • 40m²,"Appartamento - Piano TerraIntero appartamento • 1 camera da letto • 1 zona giorno • 1 bagno • 1 cucina • 40m²2 letti (1 matrimoniale alla francese, 1 divano letto)Cancellazione gratuitaNe restano solo 2 a questo prezzo sul nostro sito"
38,Palmira House - delizioso bilocale for two,"9,7",Eccezionale ,113 recensioni,1 agosto - 2 agosto,"1 notte, 2 adulti",€ 94,400 m dal centro,Terni,,4.0,Appartamento con 1 Camera da Letto,Intero appartamento • 1 camera da letto • 1 bagno • 1 cucina • 60m²,Appartamento con 1 Camera da LettoIntero appartamento • 1 camera da letto • 1 bagno • 1 cucina • 60m²1 letto matrimoniale alla franceseCancellazione gratuita
39,WHITE 2,"8,8",Favoloso ,19 recensioni,1 agosto - 2 agosto,"1 notte, 2 adulti",€ 73,"0,8 km dal centro",Terni,,3.0,Appartamento con 1 Camera da Letto,Configurazione camera non disponibile,"Appartamento con 1 Camera da Letto2 letti (1 matrimoniale alla francese, 1 divano letto)"
40,La Casa nella Contea,"9,9",Eccezionale ,21 recensioni,1 agosto - 2 agosto,"1 notte, 2 adulti",€ 92,"5,4 km dal centro",Terni,,3.0,Appartamento con 1 Camera da Letto,Intero appartamento • 1 camera da letto • 1 zona giorno • 1 bagno • 1 cucina • 75m²,"Appartamento con 1 Camera da LettoIntero appartamento • 1 camera da letto • 1 zona giorno • 1 bagno • 1 cucina • 75m²2 letti (1 matrimoniale grande, 1 divano letto)"
41,La casa di Emma,"9,1",Eccellente ,90 recensioni,1 agosto - 2 agosto,"1 notte, 2 adulti",€ 94,"2,6 km dal centro",Terni,,3.0,Appartamento con 1 Camera da Letto,Intero appartamento • 1 camera da letto • 1 zona giorno • 1 bagno • 1 cucina • 55m²,"Appartamento con 1 Camera da LettoIntero appartamento • 1 camera da letto • 1 zona giorno • 1 bagno • 1 cucina • 55m²2 letti (1 matrimoniale grande, 1 divano letto) • Culla gratuita sempre disponibileColazione inclusaCancellazione gratuita"
42,"Interamna House, intero appartamento exclusive use","9,0",Eccellente ,3 recensioni,1 agosto - 2 agosto,"1 notte, 2 adulti",€ 97,"0,5 km dal centro",Terni,,3.0,Appartamento con 3 Camere da Letto,Intero appartamento • 2 camere da letto • 1 zona giorno • 1 bagno • 1 cucina • 97m²,"Appartamento con 3 Camere da LettoIntero appartamento • 2 camere da letto • 1 zona giorno • 1 bagno • 1 cucina • 97m²3 letti (1 divano letto, 2 matrimoniali)Cancellazione gratuita"
43,La Collina Dei Castagni,"9,0",Eccellente ,1 recensione,1 agosto - 2 agosto,"1 notte, 2 adulti",€ 134,"7,9 km dal centro",Terni,,4.0,Camera Matrimoniale con Vista Piscina,Configurazione camera non disponibile,Camera Matrimoniale con Vista Piscina1 letto matrimonialeColazione inclusaCancellazione gratuitaSenza pagamento anticipato – Paga in strutturaResta solo 1 camera a questo prezzo sul nostro sito
44,Civico Sessantasei,"9,8",Eccezionale ,6 recensioni,1 agosto - 2 agosto,"1 notte, 2 adulti",€ 104,"0,8 km dal centro",Terni,,3.0,Appartamento con 1 Camera da Letto,Intero appartamento • 1 camera da letto • 1 zona giorno • 1 bagno • 1 cucina • 50m²,"Appartamento con 1 Camera da LettoIntero appartamento • 1 camera da letto • 1 zona giorno • 1 bagno • 1 cucina • 50m²2 letti (1 divano letto, 1 matrimoniale)"
45,Civico 66,"9,3",Eccellente ,9 recensioni,1 agosto - 2 agosto,"1 notte, 2 adulti",€ 100,"0,8 km dal centro",Terni,,3.0,Appartamento con 1 Camera da Letto,Intero appartamento • 1 camera da letto • 1 zona giorno • 1 bagno • 1 cucina • 45m²,"Appartamento con 1 Camera da LettoIntero appartamento • 1 camera da letto • 1 zona giorno • 1 bagno • 1 cucina • 45m²2 letti (1 divano letto, 1 matrimoniale)"
46,Alloggi Primavera Matilde,10,Eccezionale ,1 recensione,1 agosto - 2 agosto,"1 notte, 2 adulti",€ 115,"2,8 km dal centro",Terni,,3.0,Camera Matrimoniale con Bagno Privato,Configurazione camera non disponibile,Camera Matrimoniale con Bagno Privato1 letto matrimonialeResta solo 1 camera a questo prezzo sul nostro sito
47,RIO bed,"9,7",Eccezionale ,4 recensioni,1 agosto - 2 agosto,"1 notte, 2 adulti",€ 94,"0,9 km dal centro",Terni,,3.0,Camera Matrimoniale,Configurazione camera non disponibile,Camera Matrimoniale1 letto singoloResta solo 1 camera a questo prezzo sul nostro sito
48,A&F House,"8,7",Favoloso ,6 recensioni,1 agosto - 2 agosto,"1 notte, 2 adulti",€ 107,"2,2 km dal centro",Terni,,,Appartamento con 2 Camere da Letto,Intero appartamento • 2 camere da letto • 2 bagni • 1 cucina • 80m²,"Appartamento con 2 Camere da LettoIntero appartamento • 2 camere da letto • 2 bagni • 1 cucina • 80m²3 letti (2 singoli, 1 matrimoniale)"
49,The Lover House,"8,8",Favoloso ,6 recensioni,1 agosto - 2 agosto,"1 notte, 2 adulti",€ 82,"8,3 km dal centro",Terni,,4.0,Camera Standard Matrimoniale/Doppia con Letti Singoli con Vista Giardino,Configurazione camera non disponibile,"Camera Standard Matrimoniale/Doppia con Letti Singoli con Vista Giardino2 letti (1 singolo, 1 matrimoniale)Cancellazione gratuitaResta solo 1 camera a questo prezzo sul nostro sito"
50,Tana per gli ospiti,"8,8",Favoloso ,66 recensioni,1 agosto - 2 agosto,"1 notte, 2 adulti",€ 81,"2,3 km dal centro",Terni,,3.0,Monolocale,Intero monolocale • 1 bagno • 1 cucina • 70m²,MonolocaleIntero monolocale • 1 bagno • 1 cucina • 70m²3 divani lettoColazione inclusaCancellazione gratuita
51,Terni In Centro,"7,5",Buono ,51 recensioni,1 agosto - 2 agosto,"1 notte, 2 adulti",€ 124,"0,8 km dal centro",Terni,,3.0,Appartamento ,Intero appartamento • 2 camere da letto • 1 zona giorno • 1 bagno • 1 cucina • 90m²,"Appartamento Intero appartamento • 2 camere da letto • 1 zona giorno • 1 bagno • 1 cucina • 90m²3 letti (1 matrimoniale alla francese, 2 matrimoniali)"
52,Alloggi Primavera Anna,Novità su booking,Novità su booking,Novità su booking,1 agosto - 2 agosto,"1 notte, 2 adulti",€ 141,"2,8 km dal centro",Terni,,,Ampia Camera Matrimoniale,Configurazione camera non disponibile,Ampia Camera Matrimoniale2 letti matrimonialiResta solo 1 camera a questo prezzo sul nostro sito
53,Casa di milly,10,Eccezionale ,1 recensione,1 agosto - 2 agosto,"1 notte, 2 adulti",€ 80,"2,1 km dal centro",Terni,,,Appartamento con 1 Camera da Letto,Configurazione camera non disponibile,"Appartamento con 1 Camera da Letto2 letti (1 divano letto, 1 matrimoniale)"
54,La Severa,"9,3",Eccellente ,51 recensioni,1 agosto - 2 agosto,"1 notte, 2 adulti",€ 94,"1,4 km dal centro",Terni,,4.0,Appartamento con 1 Camera da Letto,Intero appartamento • 1 camera da letto • 1 zona giorno • 1 bagno • 1 cucina • 70m²,"Appartamento con 1 Camera da LettoIntero appartamento • 1 camera da letto • 1 zona giorno • 1 bagno • 1 cucina • 70m²2 letti (1 divano letto, 1 matrimoniale)Cancellazione gratuita"
55,Bed and Breakfast San Valentino,"7,1",Buono ,46 recensioni,1 agosto - 2 agosto,"1 notte, 2 adulti",€ 99,"2,2 km dal centro",Terni,,3.0,Camera Matrimoniale,Configurazione camera non disponibile,Camera Matrimoniale1 letto matrimonialeColazione inclusaCancellazione gratuitaRestano solo 2 camere a questo prezzo sul nostro sito
56,Acqua Marmore,"8,8",Favoloso ,82 recensioni,1 agosto - 2 agosto,"1 notte, 2 adulti",€ 125,"5,5 km dal centro",Terni,,3.0,Appartamento - Piano Terra,Intero appartamento • 1 camera da letto • 1 zona giorno • 1 bagno • 1 cucina • 45m²,"Appartamento - Piano TerraIntero appartamento • 1 camera da letto • 1 zona giorno • 1 bagno • 1 cucina • 45m²2 letti (1 divano letto, 1 matrimoniale)"
57,Bice house,"9,2",Eccellente ,20 recensioni,1 agosto - 2 agosto,"1 notte, 2 adulti",€ 144,"5,3 km dal centro",Terni,,4.0,Appartamento con 3 Camere da Letto,Intero appartamento • 3 camere da letto • 1 zona giorno • 2 bagni • 1 cucina • 100m²,"Appartamento con 3 Camere da LettoIntero appartamento • 3 camere da letto • 1 zona giorno • 2 bagni • 1 cucina • 100m²4 letti (2 singoli, 2 matrimoniali)"
58,Belvedere Valenza,"6,8",Punteggio medio ,14 recensioni,1 agosto - 2 agosto,"1 notte, 2 adulti",€ 97,"3,8 km dal centro",Terni,,3.0,Appartamento Attico,Intero appartamento • 1 camera da letto • 1 zona giorno • 1 bagno • 1 cucina • 65m²,"Appartamento AtticoIntero appartamento • 1 camera da letto • 1 zona giorno • 1 bagno • 1 cucina • 65m²2 letti (1 divano letto, 1 matrimoniale)Cancellazione gratuita"
59,Alloggio tra Terni e Narni,"9,5",Eccezionale ,19 recensioni,1 agosto - 2 agosto,"1 notte, 2 adulti",€ 128,"3,9 km dal centro",Terni,,3.0,Casa con 2 Camere da Letto,Intera casa vacanze • 2 camere da letto • 1 zona giorno • 1 bagno • 1 cucina • 50m²,"Casa con 2 Camere da LettoIntera casa vacanze • 2 camere da letto • 1 zona giorno • 1 bagno • 1 cucina • 50m²2 letti (1 divano letto, 1 matrimoniale)Cancellazione gratuita"
60,Casa Vacanze Chiara,"9,7",Eccezionale ,3 recensioni,1 agosto - 2 agosto,"1 notte, 2 adulti",€ 104,"3,5 km dal centro",Terni,,4.0,Casa Vacanze con 3 Camere da Letto ,Intera casa vacanze • 3 camere da letto • 1 bagno • 1 cucina • 140m²,"Casa Vacanze con 3 Camere da Letto Intera casa vacanze • 3 camere da letto • 1 bagno • 1 cucina • 140m²3 letti (1 divano letto, 2 matrimoniali)Cancellazione gratuita"
61,La casa di Glenda bis - alloggio zona ospedale,"9,5",Eccezionale ,36 recensioni,1 agosto - 2 agosto,"1 notte, 2 adulti",€ 94,"2,2 km dal centro",Terni,,3.0,Appartamento con 1 Camera da Letto,Intero appartamento • 1 camera da letto • 1 zona giorno • 1 bagno • 1 cucina • 47m²,"Appartamento con 1 Camera da LettoIntero appartamento • 1 camera da letto • 1 zona giorno • 1 bagno • 1 cucina • 47m²2 letti (1 matrimoniale alla francese, 1 divano letto)Cancellazione gratuita"
62,La Fattoria di Ema,"7,6",Buono ,27 recensioni,1 agosto - 2 agosto,"1 notte, 2 adulti",€ 69,"11,2 km dal centro",Terni,,3.0,Camera Matrimoniale,Configurazione camera non disponibile,Camera Matrimoniale1 letto matrimonialeResta solo 1 camera a questo prezzo sul nostro sito
63,La casa di Glenda ospedale,"9,2",Eccellente ,23 recensioni,1 agosto - 2 agosto,"1 notte, 2 adulti",€ 90,"2,2 km dal centro",Terni,,3.0,Appartamento con 1 Camera da Letto,Intero appartamento • 1 camera da letto • 1 zona giorno • 1 bagno • 1 cucina • 52m²,"Appartamento con 1 Camera da LettoIntero appartamento • 1 camera da letto • 1 zona giorno • 1 bagno • 1 cucina • 52m²2 letti (1 matrimoniale alla francese, 1 divano letto)Cancellazione gratuita"
64,Bilocale degli Innamorati,"8,2",Ottimo ,57 recensioni,1 agosto - 2 agosto,"1 notte, 2 adulti",€ 107,"0,8 km dal centro",Terni,,3.0,Appartamento con 1 Camera da Letto,Intero appartamento • 1 camera da letto • 1 zona giorno • 1 bagno • 1 cucina • 36m²,"Appartamento con 1 Camera da LettoIntero appartamento • 1 camera da letto • 1 zona giorno • 1 bagno • 1 cucina • 36m²2 letti (1 divano letto, 1 matrimoniale)"
65,Cuore di Terni,Novità su booking,Novità su booking,Novità su booking,1 agosto - 2 agosto,"1 notte, 2 adulti",€ 96,"0,8 km dal centro",Terni,,,Appartamento con 2 Camere da Letto,Intero appartamento • 2 camere da letto • 1 bagno • 1 cucina • 88m²,Appartamento con 2 Camere da LettoIntero appartamento • 2 camere da letto • 1 bagno • 1 cucina • 88m²2 letti matrimoniali
66,Frantoio Pistelli,"9,0",Eccellente ,6 recensioni,1 agosto - 2 agosto,"1 notte, 2 adulti",€ 81,2 km dal centro,Terni,,,Appartamento con 1 Camera da Letto,Intero appartamento • 1 camera da letto • 1 zona giorno • 1 bagno • 35m²,"Appartamento con 1 Camera da LettoIntero appartamento • 1 camera da letto • 1 zona giorno • 1 bagno • 35m²2 letti (1 divano letto, 1 matrimoniale)Ne resta solo 1 a questo prezzo sul nostro sito"
67,"Favolosa ""Dimora del Capriolo"" con Giardino e Parcheggio","9,3",Eccellente ,13 recensioni,1 agosto - 2 agosto,"1 notte, 2 adulti",€ 216,"2,9 km dal centro",Terni,,3.0,Appartamento con 1 Camera da Letto,Intero appartamento • 1 camera da letto • 1 zona giorno • 1 bagno • 1 cucina • 70m²,"Appartamento con 1 Camera da LettoIntero appartamento • 1 camera da letto • 1 zona giorno • 1 bagno • 1 cucina • 70m²2 letti (1 matrimoniale alla francese, 1 divano letto)Cancellazione gratuita"
68,La Severa 2,"8,4",Ottimo ,11 recensioni,1 agosto - 2 agosto,"1 notte, 2 adulti",€ 96,"1,4 km dal centro",Terni,,4.0,Appartamento con 1 Camera da Letto,Intero appartamento • 1 camera da letto • 1 zona giorno • 1 bagno • 1 cucina • 70m²,Appartamento con 1 Camera da LettoIntero appartamento • 1 camera da letto • 1 zona giorno • 1 bagno • 1 cucina • 70m²1 letto matrimonialeCancellazione gratuita
69,-15min Marmore- Ampio Appartamento Terra e Cuore,Novità su booking,Novità su booking,Novità su booking,1 agosto - 2 agosto,"1 notte, 2 adulti",€ 182,"2,9 km dal centro",Terni,,,Appartamento con 2 Camere da Letto,Configurazione camera non disponibile,"Appartamento con 2 Camere da Letto4 letti (2 singoli, 1 matrimoniale alla francese, 1 divano letto)Cancellazione gratuita"
